{"rightFrontLeg": {"widthCm": 32.93, "heightCm": 42.87, "outline": [[0.16243, 0.93406], [0.14279, 1.0], [0.9218, 0.99584], [0.89233, 0.92957], [1.0, 0.56807], [0.97496, 0.55812], [0.9635, 0.55222], [0.95274, 0.54557], [0.93342, 0.53052], [0.92326, 0.52074], [0.90537, 0.49999], [0.88529, 0.47118], [0.87581, 0.45083], [0.86644, 0.41886], [0.86257, 0.39688], [0.86091, 0.38051], [0.8353, 0.00974], [0.0, 0.0], [0.06694, 0.71936], [0.16243, 0.93406]]}, "leftFrontLeg": {"widthCm": 32.93, "heightCm": 42.87, "outline": [[0.83757, 0.93406], [0.85721, 1.0], [0.0782, 0.99584], [0.10767, 0.92957], [0.0, 0.56807], [0.02504, 0.55812], [0.0365, 0.55222], [0.04726, 0.54557], [0.06658, 0.53052], [0.07674, 0.52074], [0.09462, 0.49999], [0.11471, 0.47118], [0.12419, 0.45083], [0.13356, 0.41886], [0.13743, 0.39688], [0.13909, 0.38051], [0.1647, 0.00974], [1.0, 0.0], [0.93306, 0.71936], [0.83757, 0.93406]]}, "leftBackLeg": {"widthCm": 45.72, "heightCm": 48.96, "outline": [[0.85078, 0.9412], [1.0, 0.64286], [0.85435, 0.59105], [0.83627, 0.58311], [0.81406, 0.57174], [0.80407, 0.56524], [0.7945, 0.55816], [0.78593, 0.55134], [0.76981, 0.53661], [0.76196, 0.52833], [0.74771, 0.51256], [0.73919, 0.50046], [0.7333, 0.49126], [0.72269, 0.47234], [0.71836, 0.46254], [0.71398, 0.4497], [0.711, 0.43917], [0.70417, 0.40725], [0.69958, 0.37563], [0.69657, 0.3518], [0.69276, 0.31615], [0.68744, 0.24477], [0.68246, 0.12569], [0.68129, 0.0], [0.0, 0.00077], [0.0123, 0.63189], [0.06706, 0.83308], [0.04049, 0.88621], [0.86678, 1.0], [0.85078, 0.9412]]}, "rightBackLeg": {"widthCm": 45.72, "heightCm": 48.96, "outline": [[0.14922, 0.9412], [0.0, 0.64286], [0.14564, 0.59105], [0.16372, 0.58311], [0.18593, 0.57174], [0.19593, 0.56524], [0.2055, 0.55816], [0.21406, 0.55134], [0.23019, 0.53661], [0.23804, 0.52833], [0.25228, 0.51256], [0.2608, 0.50046], [0.2667, 0.49126], [0.27731, 0.47234], [0.28163, 0.46254], [0.28601, 0.4497], [0.28899, 0.43917], [0.29582, 0.40725], [0.30041, 0.37563], [0.30342, 0.3518], [0.30723, 0.31615], [0.31256, 0.24477], [0.31754, 0.12569], [0.31871, 0.0], [1.0, 0.00077], [0.9877, 0.63189], [0.93294, 0.83308], [0.95951, 0.88621], [0.13321, 1.0], [0.14922, 0.9412]]}, "waistband": {"widthCm": 71.96, "heightCm": 10.56, "outline": [[0.0, 0.50005], [0.0, 1.0], [0.23938, 1.0], [0.5, 1.0], [0.76062, 1.0], [1.0, 1.0], [1.0, 0.50005], [1.0, 0.0], [0.76062, 0.0], [0.5, 0.0], [0.23938, 0.0], [0.0, 0.0], [0.0, 0.50005]]}}