{"front": {"widthCm": 44.19, "heightCm": 70.0, "outline": [[0.50004, 0.99999], [0.96975, 0.99998], [0.96974, 0.9637], [1.0, 0.26743], [0.9731, 0.26535], [0.94945, 0.25952], [0.92899, 0.24985], [0.91208, 0.23749], [0.89881, 0.22353], [0.88848, 0.20833], [0.88053, 0.19253], [0.87395, 0.17633], [0.86795, 0.15999], [0.86099, 0.14395], [0.85099, 0.12905], [0.83894, 0.11436], [0.82581, 0.1002], [0.81172, 0.08644], [0.79732, 0.07286], [0.78187, 0.05982], [0.76486, 0.04786], [0.74675, 0.03654], [0.72773, 0.02563], [0.70809, 0.01516], [0.68815, 0.00501], [0.67772, 0.0], [0.66315, 0.01831], [0.64477, 0.0353], [0.62307, 0.05076], [0.59802, 0.06417], [0.5692, 0.07434], [0.53731, 0.08019], [0.5153, 0.08204], [0.50976, 0.08229], [0.50421, 0.08242], [0.49999, 0.08243], [0.49577, 0.08242], [0.49022, 0.08229], [0.48468, 0.08206], [0.46267, 0.0802], [0.43077, 0.07434], [0.40195, 0.06417], [0.3769, 0.05077], [0.3552, 0.03532], [0.33682, 0.01831], [0.32225, 0.0], [0.31182, 0.00501], [0.29189, 0.01516], [0.27224, 0.02564], [0.25322, 0.03656], [0.23511, 0.04787], [0.21811, 0.05983], [0.20266, 0.07287], [0.18826, 0.08644], [0.17417, 0.10022], [0.16104, 0.11436], [0.149, 0.12906], [0.13899, 0.14396], [0.13203, 0.16], [0.12604, 0.17635], [0.11946, 0.19255], [0.11151, 0.20836], [0.10119, 0.22355], [0.08791, 0.23751], [0.07101, 0.24986], [0.05054, 0.25953], [0.0269, 0.26538], [0.0, 0.26746], [0.03032, 0.96371], [0.03033, 1.0], [0.50004, 0.99999]]}, "back": {"widthCm": 44.3, "heightCm": 71.27, "outline": [[0.49996, 0.99999], [0.03098, 0.99998], [0.03098, 0.96434], [0.0, 0.27998], [0.02691, 0.27252], [0.05149, 0.26312], [0.07375, 0.25168], [0.09361, 0.23865], [0.11096, 0.22431], [0.12624, 0.209], [0.13976, 0.19306], [0.15215, 0.1767], [0.17587, 0.14367], [0.1811, 0.13644], [0.18795, 0.12722], [0.18905, 0.12579], [0.20099, 0.11111], [0.21613, 0.09579], [0.24856, 0.06597], [0.26595, 0.05166], [0.28552, 0.03849], [0.30651, 0.02614], [0.32505, 0.01657], [0.33436, 0.01209], [0.34432, 0.00752], [0.36168, 0.0], [0.38059, 0.00473], [0.40024, 0.00805], [0.42032, 0.01012], [0.44057, 0.01137], [0.46088, 0.01212], [0.48019, 0.01268], [0.50001, 0.0132], [0.51983, 0.01268], [0.53915, 0.01212], [0.55946, 0.01137], [0.57971, 0.01012], [0.59979, 0.00805], [0.61944, 0.00474], [0.63834, 0.0], [0.65571, 0.00752], [0.66567, 0.01209], [0.67498, 0.01657], [0.69351, 0.02615], [0.71451, 0.03849], [0.73408, 0.05168], [0.75147, 0.06599], [0.78389, 0.09579], [0.79903, 0.11112], [0.81096, 0.1258], [0.81206, 0.12723], [0.81892, 0.13645], [0.82414, 0.14369], [0.84786, 0.17672], [0.86025, 0.19308], [0.87376, 0.20903], [0.88905, 0.22434], [0.90639, 0.23866], [0.92625, 0.2517], [0.94851, 0.26313], [0.97309, 0.27255], [1.0, 0.28001], [0.96894, 0.96436], [0.96894, 1.0], [0.49996, 0.99999]]}, "rightSleeve": {"widthCm": 33.9, "heightCm": 71.68, "outline": [[0.0, 0.30161], [0.03212, 0.29702], [0.06163, 0.2904], [0.08875, 0.28168], [0.11282, 0.2712], [0.1329, 0.25904], [0.15057, 0.2459], [0.16724, 0.23248], [0.18288, 0.21875], [0.2125, 0.19084], [0.22882, 0.17732], [0.24598, 0.16405], [0.28228, 0.13817], [0.29947, 0.12489], [0.31512, 0.1112], [0.32805, 0.09677], [0.33908, 0.08191], [0.3485, 0.06674], [0.3568, 0.05135], [0.36465, 0.03589], [0.36828, 0.028], [0.39708, 0.02814], [0.42586, 0.02754], [0.45455, 0.02634], [0.48298, 0.02418], [0.51095, 0.02091], [0.53142, 0.01754], [0.55054, 0.01268], [0.56834, 0.00681], [0.58457, 0.0], [0.58854, 0.00776], [0.5988, 0.02535], [0.61199, 0.04227], [0.6284, 0.05842], [0.64696, 0.07402], [0.66669, 0.08922], [0.68758, 0.10404], [0.75138, 0.14539], [0.75403, 0.14713], [0.76551, 0.15486], [0.77536, 0.16179], [0.79486, 0.17707], [0.85101, 0.22365], [0.87043, 0.23896], [0.89119, 0.25381], [0.91387, 0.26801], [0.9392, 0.28101], [0.96801, 0.29215], [1.0, 0.30161], [0.78391, 0.96443], [0.79549, 0.99987], [0.1872, 1.0], [0.19909, 0.96457], [0.0, 0.30161]]}, "leftSleeve": {"widthCm": 33.9, "heightCm": 71.68, "outline": [[1.0, 0.30161], [0.96787, 0.29702], [0.93836, 0.2904], [0.91125, 0.28168], [0.88718, 0.2712], [0.8671, 0.25904], [0.84943, 0.2459], [0.83276, 0.23248], [0.81712, 0.21875], [0.7875, 0.19084], [0.77118, 0.17732], [0.75402, 0.16405], [0.71772, 0.13817], [0.70053, 0.12489], [0.68488, 0.1112], [0.67195, 0.09677], [0.66092, 0.08191], [0.6515, 0.06674], [0.6432, 0.05135], [0.63535, 0.03589], [0.63172, 0.028], [0.60291, 0.02814], [0.57414, 0.02754], [0.54545, 0.02634], [0.51702, 0.02418], [0.48905, 0.02091], [0.46858, 0.01754], [0.44945, 0.01268], [0.43166, 0.00681], [0.41543, 0.0], [0.41145, 0.00776], [0.40119, 0.02535], [0.38801, 0.04227], [0.37159, 0.05842], [0.35304, 0.07402], [0.33331, 0.08922], [0.31241, 0.10404], [0.24861, 0.14539], [0.24597, 0.14713], [0.23448, 0.15486], [0.22464, 0.16179], [0.20514, 0.17707], [0.14899, 0.22365], [0.12957, 0.23896], [0.10881, 0.25381], [0.08612, 0.26801], [0.0608, 0.28101], [0.03199, 0.29215], [0.0, 0.30161], [0.21609, 0.96443], [0.20451, 0.99987], [0.8128, 1.0], [0.80091, 0.96457], [1.0, 0.30161]]}, "neckBand": {"widthCm": 40.72, "heightCm": 4.45, "outline": [[0.0, 1.0], [1.0, 1.0], [1.0, 0.49989], [1.0, 0.0], [0.0, 0.0], [0.0, 0.42857], [0.0, 1.0]]}}