{"front": {"widthCm": 42.78, "heightCm": 70.0, "outline": [[0.96975, 0.9637], [0.98347, 0.5898], [0.98628, 0.5088], [0.98968, 0.42789], [0.994, 0.34748], [1.0, 0.26744], [0.9731, 0.26535], [0.94945, 0.25952], [0.92899, 0.24985], [0.91208, 0.23749], [0.89881, 0.22353], [0.88848, 0.20834], [0.88053, 0.19254], [0.87395, 0.17633], [0.86796, 0.16], [0.86099, 0.14394], [0.85099, 0.12904], [0.83894, 0.11435], [0.82581, 0.1002], [0.81172, 0.08644], [0.79732, 0.07286], [0.78187, 0.05982], [0.76486, 0.04786], [0.74676, 0.03655], [0.72774, 0.02563], [0.70809, 0.01515], [0.68815, 0.00501], [0.67772, 0.0], [0.66316, 0.01831], [0.64478, 0.0353], [0.62308, 0.05076], [0.59802, 0.06417], [0.56921, 0.07435], [0.53731, 0.08019], [0.5153, 0.08205], [0.50976, 0.08228], [0.50421, 0.08242], [0.49999, 0.08243], [0.49577, 0.08242], [0.49022, 0.08228], [0.48468, 0.08205], [0.46267, 0.0802], [0.43078, 0.07435], [0.40196, 0.06418], [0.3769, 0.05077], [0.3552, 0.03531], [0.33682, 0.01832], [0.32226, 1e-05], [0.31183, 0.00502], [0.29189, 0.01516], [0.27224, 0.02564], [0.25322, 0.03656], [0.23512, 0.04787], [0.21811, 0.05983], [0.20266, 0.07288], [0.18826, 0.08645], [0.17417, 0.10021], [0.16104, 0.11437], [0.149, 0.12905], [0.13899, 0.14395], [0.13203, 0.16001], [0.12604, 0.17635], [0.11946, 0.19255], [0.11152, 0.20836], [0.10119, 0.22355], [0.08792, 0.2375], [0.07101, 0.24987], [0.05055, 0.25954], [0.0269, 0.26537], [0.0, 0.26746], [0.00601, 0.3475], [0.01034, 0.42791], [0.01374, 0.50882], [0.01657, 0.58982], [0.03033, 0.96371], [0.02899, 1.0], [0.50004, 1.0], [0.97108, 0.99998], [0.96975, 0.9637]]}, "back": {"widthCm": 44.97, "heightCm": 70.8, "outline": [[0.09652, 0.96411], [0.09652, 0.92823], [0.0, 0.28186], [0.02691, 0.27435], [0.05149, 0.26487], [0.07375, 0.25336], [0.09361, 0.24024], [0.11096, 0.22582], [0.12624, 0.21041], [0.13976, 0.19436], [0.15215, 0.17789], [0.17587, 0.14464], [0.1811, 0.13735], [0.18795, 0.12807], [0.18905, 0.12662], [0.20099, 0.11185], [0.21613, 0.09642], [0.24856, 0.06642], [0.26595, 0.05201], [0.28552, 0.03874], [0.30651, 0.02632], [0.32505, 0.01668], [0.33435, 0.01217], [0.34432, 0.00757], [0.36169, 0.0], [0.38059, 0.00477], [0.40024, 0.0081], [0.42032, 0.01019], [0.44057, 0.01144], [0.46088, 0.0122], [0.48019, 0.01277], [0.50001, 0.01329], [0.51984, 0.01277], [0.53915, 0.0122], [0.55946, 0.01144], [0.57971, 0.01019], [0.59979, 0.00811], [0.61944, 0.00477], [0.63835, 1e-05], [0.65571, 0.00758], [0.66567, 0.01218], [0.67498, 0.01669], [0.69351, 0.02632], [0.71451, 0.03875], [0.73408, 0.05202], [0.75147, 0.06643], [0.78389, 0.09644], [0.79903, 0.11187], [0.81096, 0.12664], [0.81206, 0.12809], [0.81892, 0.13736], [0.82414, 0.14465], [0.84786, 0.17791], [0.86025, 0.19437], [0.87377, 0.21042], [0.88905, 0.22583], [0.90639, 0.24026], [0.92625, 0.25338], [0.94851, 0.26489], [0.97309, 0.27437], [1.0, 0.28188], [0.90341, 0.92825], [0.90341, 0.96412], [0.90341, 1.0], [0.49996, 0.99999], [0.09651, 0.99998], [0.09652, 0.96411]]}, "rightSleeve": {"widthCm": 33.9, "heightCm": 39.0, "outline": [[0.03335, 0.93487], [0.03544, 0.86975], [0.0, 0.55434], [0.03213, 0.54592], [0.06164, 0.53373], [0.08875, 0.51772], [0.11282, 0.49845], [0.1329, 0.4761], [0.15057, 0.45195], [0.16724, 0.42729], [0.18289, 0.40206], [0.2125, 0.35074], [0.22882, 0.32589], [0.24598, 0.3015], [0.28228, 0.25394], [0.29947, 0.22955], [0.31513, 0.20436], [0.32805, 0.17786], [0.33908, 0.15053], [0.3485, 0.12264], [0.3568, 0.09436], [0.36465, 0.06596], [0.36828, 0.05144], [0.39709, 0.0517], [0.42586, 0.0506], [0.45455, 0.04841], [0.48298, 0.04442], [0.51095, 0.03842], [0.53142, 0.03221], [0.55055, 0.0233], [0.56834, 0.01251], [0.58457, 0.0], [0.58855, 0.01425], [0.59881, 0.04659], [0.61199, 0.07767], [0.62841, 0.10738], [0.64696, 0.13603], [0.66669, 0.16397], [0.68759, 0.19121], [0.75139, 0.26721], [0.75403, 0.27042], [0.76552, 0.28462], [0.77536, 0.29736], [0.79486, 0.32543], [0.85101, 0.41104], [0.87043, 0.4392], [0.89119, 0.46648], [0.91388, 0.49258], [0.9392, 0.51649], [0.96801, 0.53696], [1.0, 0.55434], [0.95443, 0.86975], [0.95443, 0.93487], [0.95233, 1.0], [0.03335, 1.0], [0.03335, 0.93487]]}, "leftSleeve": {"widthCm": 33.9, "heightCm": 39.0, "outline": [[0.96665, 0.93487], [0.96456, 0.86975], [1.0, 0.55434], [0.96787, 0.54592], [0.93836, 0.53373], [0.91125, 0.51772], [0.88718, 0.49845], [0.8671, 0.4761], [0.84943, 0.45195], [0.83277, 0.42729], [0.81711, 0.40206], [0.78749, 0.35074], [0.77118, 0.32589], [0.75404, 0.3015], [0.71772, 0.25394], [0.70053, 0.22955], [0.68489, 0.20436], [0.67194, 0.17786], [0.66094, 0.15053], [0.6515, 0.12264], [0.64321, 0.09436], [0.63536, 0.06596], [0.63173, 0.05144], [0.60291, 0.0517], [0.57415, 0.0506], [0.54545, 0.04841], [0.51701, 0.04442], [0.48904, 0.03842], [0.46857, 0.03221], [0.44945, 0.0233], [0.43167, 0.01251], [0.41544, 0.0], [0.41146, 0.01425], [0.40119, 0.04659], [0.38801, 0.07767], [0.37161, 0.10738], [0.35305, 0.13603], [0.33332, 0.16397], [0.31243, 0.19121], [0.24862, 0.26721], [0.24597, 0.27042], [0.23449, 0.28462], [0.22464, 0.29736], [0.20514, 0.32543], [0.149, 0.41104], [0.12959, 0.4392], [0.10882, 0.46648], [0.08614, 0.49258], [0.0608, 0.51649], [0.03201, 0.53696], [0.0, 0.55434], [0.04558, 0.86975], [0.04558, 0.93487], [0.04767, 1.0], [0.96665, 1.0], [0.96665, 0.93487]]}, "neckBand": {"widthCm": 40.72, "heightCm": 5.08, "outline": [[0.0, 1.0], [1.0, 1.0], [1.0, 0.5], [1.0, 0.0], [0.0, 0.0], [0.0, 0.5], [0.0, 1.0]]}}